LLEGADA,DISTRITO.LOCAL,MUNICIPIO,SECCION,CASILLA,PAN,PRI,PRD,PVEM,PT,PANAL,MORENA,HUMANISTA,ENCUENTRO.SOCIAL,PRI.PVEM.PANAL,PRI.PVEM,PRI.PANAL,PVEM.PANAL,COALICION,CANDIDATO.NO.REGISTRADO,VOTOS.NULOS,TOTAL.VOTOS.VALIDOS,VOTACION.TOTAL.EMITIDA
216.0,OBREGON CENTRO XVII ,CAJEME,961.0,BASICA,195.0,150.0,1.0,1.0,3.0,1.0,11.0,0.0,0.0,0.0,8.0,0.0,0.0,160.0,0.0,3.0,370.0,373.0
228.0,HERMOSILLO NORESTE X    ,HERMOSILLO,361.0,CONTIGUA 1,120.0,97.0,6.0,4.0,2.0,1.0,7.0,1.0,0.0,1.0,1.0,0.0,0.0,104.0,0.0,7.0,240.0,247.0
145.0,NAVOJOA NORTE XIX  ,QUIRIEGO,1307.0,BASICA,248.0,182.0,4.0,1.0,4.0,1.0,0.0,0.0,1.0,3.0,1.0,1.0,0.0,189.0,0.0,1.0,446.0,447.0
39.0,OBREGON NORTE XVIII,CAJEME,952.0,EXTRAORDINARIA 1,78.0,78.0,5.0,1.0,4.0,9.0,7.0,0.0,1.0,0.0,3.0,1.0,0.0,92.0,0.0,8.0,187.0,195.0
88.0,CABORCA III  ,CABORCA,314.0,CONTIGUA 2,145.0,202.0,5.0,3.0,9.0,6.0,22.0,2.0,6.0,2.0,0.0,0.0,0.0,213.0,0.0,9.0,402.0,411.0
127.0,GUAYMAS XIII ,GUAYMAS,1059.0,BASICA,169.0,152.0,11.0,0.0,13.0,0.0,13.0,3.0,2.0,0.0,0.0,0.0,0.0,152.0,0.0,7.0,363.0,370.0
317.0,OBREGON SUR XV   ,CAJEME,976.0,BASICA,135.0,137.0,4.0,8.0,5.0,5.0,9.0,2.0,2.0,5.0,2.0,2.0,0.0,159.0,0.0,7.0,316.0,323.0
17.0,OBREGON SURESTE XVI  ,CAJEME,863.0,BASICA,68.0,116.0,6.0,1.0,1.0,6.0,13.0,2.0,0.0,5.0,2.0,0.0,0.0,130.0,0.0,7.0,220.0,227.0
26.0,OBREGON SURESTE XVI  ,CAJEME,904.0,CONTIGUA 2,76.0,104.0,3.0,3.0,0.0,2.0,11.0,2.0,5.0,0.0,1.0,0.0,0.0,110.0,0.0,1.0,207.0,208.0
222.0,AGUA PRIETA VII  ,AGUA PRIETA,20.0,CONTIGUA 5,198.0,94.0,6.0,0.0,5.0,0.0,5.0,0.0,1.0,0.0,0.0,0.0,0.0,94.0,0.0,2.0,309.0,311.0
343.0,NOGALES SUR V    ,NOGALES,1439.0,CONTIGUA 1,76.0,80.0,7.0,6.0,11.0,2.0,8.0,1.0,2.0,0.0,0.0,0.0,0.0,88.0,0.0,4.0,193.0,197.0
178.0,HERMOSILLO NORESTE X    ,HERMOSILLO,413.0,BASICA,199.0,194.0,4.0,8.0,3.0,2.0,11.0,6.0,1.0,3.0,3.0,0.0,0.0,210.0,0.0,13.0,434.0,447.0
98.0,OBREGON NORTE XVIII,CAJEME,949.0,CONTIGUA 1,86.0,181.0,14.0,4.0,6.0,4.0,17.0,5.0,3.0,4.0,1.0,1.0,0.0,195.0,0.0,6.0,326.0,332.0
292.0,NAVOJOA NORTE XIX  ,NAVOJOA,1231.0,BASICA,76.0,125.0,1.0,2.0,2.0,6.0,2.0,0.0,1.0,1.0,1.0,0.0,0.0,135.0,0.0,8.0,217.0,225.0
116.0,HERMOSILLO NORESTE X    ,HERMOSILLO,408.0,BASICA,128.0,89.0,9.0,2.0,5.0,3.0,12.0,3.0,2.0,1.0,6.0,0.0,0.0,101.0,0.0,10.0,260.0,270.0
231.0,SAN LUIS RIO COLORADO I    ,SAN LUIS RIO COLORADO,706.0,BASICA,111.0,78.0,2.0,5.0,0.0,2.0,9.0,5.0,7.0,0.0,1.0,0.0,0.0,86.0,0.0,8.0,220.0,228.0
340.0,OBREGON CENTRO XVII ,CAJEME,812.0,CONTIGUA 1,95.0,154.0,9.0,4.0,4.0,2.0,22.0,4.0,5.0,2.0,4.0,0.0,0.0,166.0,1.0,10.0,305.0,316.0
276.0,NOGALES SUR V    ,NOGALES,223.0,CONTIGUA 8,116.0,122.0,10.0,7.0,7.0,2.0,14.0,9.0,1.0,0.0,1.0,0.0,0.0,132.0,0.0,3.0,289.0,292.0
253.0,AGUA PRIETA VII  ,CUMPAS,94.0,BASICA,133.0,158.0,36.0,2.0,1.0,65.0,0.0,2.0,2.0,3.0,0.0,0.0,0.0,228.0,0.0,7.0,402.0,409.0
193.0,ETCHOJOA XX   ,ETCHOJOA,1167.0,BASICA,115.0,115.0,31.0,0.0,3.0,1.0,3.0,0.0,0.0,0.0,2.0,0.0,0.0,118.0,0.0,8.0,270.0,278.0
280.0,OBREGON SUR XV   ,CAJEME,901.0,CONTIGUA 3,87.0,150.0,8.0,6.0,3.0,1.0,12.0,3.0,7.0,0.0,0.0,0.0,0.0,157.0,0.0,5.0,277.0,282.0
242.0,OBREGON NORTE XVIII,CAJEME,937.0,BASICA,70.0,151.0,5.0,3.0,4.0,4.0,14.0,2.0,1.0,2.0,2.0,0.0,0.0,162.0,0.0,3.0,258.0,261.0
356.0,NOGALES SUR V    ,NOGALES,217.0,CONTIGUA 5,111.0,105.0,7.0,2.0,10.0,3.0,10.0,4.0,2.0,1.0,3.0,0.0,0.0,114.0,1.0,2.0,258.0,261.0
209.0,SAN LUIS RIO COLORADO I    ,SAN LUIS RIO COLORADO,717.0,BASICA,96.0,54.0,5.0,5.0,0.0,4.0,16.0,3.0,6.0,0.0,1.0,0.0,0.0,64.0,0.0,2.0,190.0,192.0
137.0,OBREGON CENTRO XVII ,CAJEME,807.0,CONTIGUA 13,80.0,224.0,18.0,2.0,2.0,15.0,18.0,11.0,7.0,2.0,0.0,1.0,0.0,244.0,0.0,16.0,380.0,396.0
322.0,SAN LUIS RIO COLORADO I    ,SAN LUIS RIO COLORADO,719.0,CONTIGUA 1,102.0,81.0,6.0,0.0,2.0,0.0,12.0,2.0,8.0,0.0,0.0,0.0,0.0,81.0,0.0,6.0,213.0,219.0
247.0,OBREGON SURESTE XVI  ,CAJEME,798.0,BASICA,68.0,116.0,8.0,3.0,2.0,2.0,12.0,2.0,3.0,2.0,5.0,0.0,0.0,128.0,0.0,6.0,223.0,229.0
77.0,HERMOSILLO NOROESTE VIII ,HERMOSILLO,1341.0,CONTIGUA 1,91.0,95.0,8.0,4.0,3.0,3.0,8.0,3.0,5.0,2.0,0.0,0.0,0.0,104.0,0.0,9.0,222.0,231.0
84.0,AGUA PRIETA VII  ,AGUA PRIETA,22.0,CONTIGUA 7,170.0,79.0,4.0,6.0,5.0,18.0,6.0,0.0,0.0,2.0,2.0,4.0,0.0,111.0,0.0,5.0,296.0,301.0
30.0,HERMOSILLO NOROESTE VIII ,HERMOSILLO,1340.0,CONTIGUA 1,112.0,105.0,9.0,4.0,5.0,3.0,7.0,1.0,4.0,0.0,1.0,0.0,0.0,113.0,1.0,5.0,251.0,257.0
205.0,HUATABAMPO XXI  ,HUATABAMPO,1206.0,CONTIGUA 1,160.0,202.0,16.0,2.0,1.0,5.0,2.0,0.0,0.0,0.0,12.0,2.0,0.0,223.0,0.0,12.0,402.0,414.0
282.0,HERMOSILLO NORESTE X    ,HERMOSILLO,344.0,CONTIGUA 5,213.0,198.0,19.0,6.0,1.0,1.0,7.0,6.0,9.0,3.0,2.0,0.0,0.0,210.0,0.0,17.0,465.0,482.0
5.0,HERMOSILLO COSTA XI   ,HERMOSILLO,539.0,CONTIGUA 1,121.0,177.0,13.0,2.0,3.0,1.0,11.0,8.0,5.0,3.0,2.0,0.0,0.0,185.0,0.0,4.0,346.0,350.0
369.0,HERMOSILLO NOROESTE VIII ,HERMOSILLO,1359.0,BASICA,117.0,96.0,10.0,0.0,7.0,5.0,8.0,1.0,4.0,4.0,0.0,0.0,2.0,107.0,0.0,8.0,254.0,262.0
270.0,CABORCA III  ,CABORCA,310.0,BASICA,153.0,171.0,1.0,1.0,5.0,5.0,18.0,2.0,3.0,2.0,1.0,1.0,0.0,181.0,0.0,7.0,363.0,370.0
80.0,OBREGON CENTRO XVII ,CAJEME,887.0,CONTIGUA 7,78.0,162.0,3.0,1.0,6.0,7.0,25.0,1.0,3.0,1.0,1.0,1.0,0.0,173.0,1.0,4.0,289.0,294.0
352.0,OBREGON CENTRO XVII ,CAJEME,807.0,CONTIGUA 3,80.0,204.0,13.0,2.0,7.0,11.0,24.0,8.0,6.0,3.0,0.0,0.0,0.0,220.0,0.0,7.0,358.0,365.0
93.0,NAVOJOA NORTE XIX  ,QUIRIEGO,1307.0,CONTIGUA 1,206.0,212.0,3.0,0.0,3.0,3.0,0.0,0.0,0.0,0.0,1.0,0.0,0.0,216.0,0.0,2.0,428.0,430.0
225.0,CABORCA III  ,CABORCA,311.0,BASICA,142.0,149.0,4.0,1.0,3.0,10.0,20.0,2.0,5.0,7.0,0.0,0.0,0.0,167.0,0.0,9.0,343.0,352.0
197.0,HERMOSILLO NOROESTE VIII ,HERMOSILLO,401.0,BASICA,129.0,134.0,8.0,5.0,7.0,2.0,5.0,0.0,10.0,13.0,0.0,0.0,0.0,154.0,0.0,10.0,313.0,323.0
96.0,ETCHOJOA XX   ,NAVOJOA,1243.0,BASICA,179.0,147.0,4.0,0.0,4.0,3.0,5.0,0.0,3.0,0.0,2.0,0.0,0.0,152.0,0.0,11.0,347.0,358.0
354.0,GUAYMAS XIII ,GUAYMAS,1060.0,BASICA,144.0,74.0,3.0,3.0,7.0,3.0,13.0,2.0,3.0,0.0,1.0,0.0,0.0,81.0,0.0,6.0,253.0,259.0
132.0,ETCHOJOA XX   ,ETCHOJOA,1174.0,CONTIGUA 1,128.0,179.0,33.0,0.0,3.0,0.0,0.0,0.0,0.0,0.0,0.0,0.0,0.0,179.0,0.0,10.0,343.0,353.0
311.0,HERMOSILLO NOROESTE VIII ,HERMOSILLO,404.0,BASICA,167.0,160.0,11.0,5.0,8.0,6.0,14.0,7.0,6.0,4.0,4.0,1.0,0.0,180.0,1.0,18.0,393.0,412.0
299.0,NOGALES SUR V    ,IMURIS,116.0,CONTIGUA 2,132.0,99.0,8.0,7.0,1.0,4.0,4.0,1.0,0.0,2.0,0.0,1.0,0.0,113.0,0.0,5.0,259.0,264.0
339.0,HERMOSILLO SUR XII  ,HERMOSILLO,480.0,BASICA,129.0,130.0,8.0,3.0,7.0,4.0,12.0,1.0,5.0,2.0,2.0,1.0,0.0,142.0,2.0,8.0,304.0,314.0
135.0,NOGALES SUR V    ,NOGALES,221.0,CONTIGUA 6,129.0,70.0,13.0,3.0,11.0,5.0,11.0,7.0,7.0,1.0,0.0,0.0,0.0,79.0,0.0,10.0,257.0,267.0
102.0,NOGALES SUR V    ,NOGALES,1388.0,BASICA,95.0,97.0,8.0,3.0,9.0,3.0,11.0,8.0,7.0,4.0,0.0,0.0,0.0,107.0,0.0,13.0,245.0,258.0
260.0,NOGALES NORTE IV   ,NOGALES,195.0,BASICA,100.0,78.0,12.0,3.0,11.0,3.0,5.0,4.0,4.0,2.0,0.0,0.0,0.0,86.0,7.0,0.0,222.0,229.0
279.0,PUERTO PEÑASCO II   ,SAN LUIS RIO COLORADO,724.0,CONTIGUA 4,83.0,69.0,6.0,4.0,4.0,9.0,22.0,2.0,8.0,1.0,0.0,1.0,0.0,84.0,0.0,7.0,209.0,216.0
232.0,AGUA PRIETA VII  ,BAVISPE,64.0,CONTIGUA 1,182.0,118.0,0.0,0.0,0.0,0.0,2.0,0.0,0.0,4.0,0.0,3.0,0.0,125.0,0.0,2.0,309.0,311.0
271.0,HUATABAMPO XXI  ,HUATABAMPO,1203.0,CONTIGUA 1,119.0,175.0,13.0,0.0,1.0,3.0,2.0,0.0,0.0,2.0,10.0,1.0,0.0,191.0,0.0,8.0,326.0,334.0
221.0,OBREGON NORTE XVIII,CAJEME,773.0,BASICA,108.0,196.0,15.0,6.0,1.0,2.0,21.0,1.0,6.0,1.0,0.0,0.0,0.0,205.0,0.0,8.0,357.0,365.0
59.0,AGUA PRIETA VII  ,AGUA PRIETA,3.0,BASICA,207.0,78.0,4.0,2.0,5.0,21.0,0.0,2.0,1.0,7.0,1.0,3.0,0.0,112.0,0.0,9.0,331.0,340.0
181.0,CABORCA III  ,SANTA ANA,256.0,CONTIGUA 1,155.0,182.0,2.0,0.0,3.0,6.0,2.0,1.0,0.0,0.0,2.0,0.0,0.0,190.0,0.0,1.0,353.0,354.0
3.0,NOGALES SUR V    ,NOGALES,217.0,CONTIGUA 9,146.0,102.0,9.0,4.0,5.0,5.0,9.0,7.0,7.0,0.0,2.0,0.0,0.0,113.0,0.0,10.0,296.0,306.0
359.0,NOGALES SUR V    ,NOGALES,1420.0,BASICA,91.0,82.0,3.0,3.0,15.0,4.0,5.0,5.0,5.0,0.0,0.0,0.0,0.0,89.0,0.0,6.0,213.0,219.0
141.0,OBREGON CENTRO XVII ,CAJEME,790.0,CONTIGUA 1,84.0,112.0,9.0,5.0,5.0,4.0,42.0,2.0,1.0,4.0,0.0,0.0,0.0,125.0,0.0,9.0,268.0,277.0
241.0,NAVOJOA NORTE XIX  ,NAVOJOA,1266.0,CONTIGUA 1,143.0,125.0,3.0,2.0,3.0,8.0,7.0,0.0,1.0,0.0,3.0,0.0,0.0,138.0,0.0,5.0,295.0,300.0
23.0,SAN LUIS RIO COLORADO I    ,SAN LUIS RIO COLORADO,667.0,BASICA,135.0,84.0,9.0,4.0,0.0,3.0,15.0,0.0,8.0,0.0,4.0,0.0,0.0,95.0,0.0,7.0,262.0,269.0
341.0,CABORCA III  ,CABORCA,301.0,BASICA,83.0,126.0,4.0,2.0,6.0,4.0,12.0,2.0,3.0,0.0,1.0,1.0,0.0,134.0,0.0,3.0,244.0,247.0
110.0,PUERTO PEÑASCO II   ,SAN LUIS RIO COLORADO,661.0,CONTIGUA 10,91.0,64.0,2.0,5.0,6.0,7.0,17.0,6.0,14.0,0.0,0.0,0.0,0.0,76.0,0.0,9.0,212.0,221.0
146.0,HERMOSILLO SUR XII  ,HERMOSILLO,565.0,CONTIGUA 1,166.0,128.0,13.0,2.0,7.0,7.0,8.0,6.0,6.0,0.0,5.0,1.0,0.0,143.0,0.0,8.0,349.0,357.0
171.0,OBREGON SURESTE XVI  ,CAJEME,863.0,CONTIGUA 1,67.0,130.0,7.0,3.0,1.0,3.0,11.0,1.0,6.0,2.0,3.0,0.0,0.0,141.0,0.0,7.0,234.0,241.0
41.0,HERMOSILLO COSTA XI   ,HERMOSILLO,1405.0,CONTIGUA 1,111.0,99.0,4.0,0.0,2.0,1.0,4.0,3.0,6.0,1.0,3.0,0.0,0.0,104.0,0.0,7.0,234.0,241.0
238.0,CABORCA III  ,CABORCA,293.0,BASICA,127.0,154.0,4.0,0.0,14.0,0.0,16.0,1.0,4.0,0.0,0.0,0.0,0.0,154.0,0.0,7.0,320.0,327.0
302.0,OBREGON SURESTE XVI  ,CAJEME,883.0,CONTIGUA 1,71.0,130.0,4.0,5.0,7.0,1.0,15.0,1.0,5.0,0.0,3.0,0.0,0.0,139.0,0.0,2.0,242.0,244.0
126.0,SAN LUIS RIO COLORADO I    ,SAN LUIS RIO COLORADO,731.0,BASICA,79.0,111.0,4.0,20.0,1.0,2.0,4.0,3.0,1.0,0.0,5.0,0.0,0.0,138.0,0.0,3.0,230.0,233.0
293.0,OBREGON SUR XV   ,CAJEME,972.0,CONTIGUA 1,82.0,85.0,3.0,1.0,3.0,2.0,7.0,1.0,0.0,3.0,2.0,1.0,0.0,94.0,0.0,3.0,190.0,193.0
335.0,HERMOSILLO SUR XII  ,HERMOSILLO,582.0,CONTIGUA 1,103.0,100.0,12.0,5.0,6.0,3.0,7.0,1.0,0.0,1.0,3.0,0.0,0.0,112.0,0.0,2.0,241.0,243.0
37.0,NOGALES SUR V    ,NOGALES,217.0,CONTIGUA 16,124.0,125.0,10.0,3.0,5.0,2.0,9.0,3.0,5.0,2.0,2.0,0.0,0.0,134.0,0.0,6.0,290.0,296.0
237.0,HERMOSILLO CENTRO IX   ,HERMOSILLO,536.0,CONTIGUA 1,138.0,101.0,9.0,1.0,4.0,2.0,5.0,4.0,5.0,3.0,1.0,0.0,0.0,108.0,0.0,14.0,273.0,287.0
100.0,HERMOSILLO NORESTE X    ,HERMOSILLO,344.0,CONTIGUA 6,170.0,238.0,15.0,5.0,4.0,1.0,13.0,3.0,6.0,2.0,3.0,1.0,0.0,250.0,1.0,13.0,461.0,475.0
307.0,NOGALES SUR V    ,NOGALES,214.0,CONTIGUA 5,134.0,106.0,10.0,6.0,10.0,4.0,8.0,3.0,8.0,2.0,1.0,2.0,0.0,121.0,0.0,6.0,294.0,300.0
169.0,EMPALME XIV  ,SAN IGNACIO RIO MUERTO,1105.0,BASICA,120.0,213.0,29.0,31.0,4.0,2.0,2.0,5.0,1.0,0.0,0.0,0.0,0.0,246.0,1.0,12.0,407.0,420.0
184.0,HERMOSILLO COSTA XI   ,HERMOSILLO,1400.0,CONTIGUA 1,118.0,166.0,7.0,4.0,3.0,7.0,6.0,3.0,4.0,2.0,1.0,0.0,0.0,180.0,1.0,7.0,321.0,329.0
350.0,HERMOSILLO CENTRO IX   ,HERMOSILLO,525.0,CONTIGUA 1,150.0,136.0,19.0,2.0,2.0,3.0,9.0,2.0,1.0,0.0,0.0,0.0,0.0,141.0,0.0,7.0,324.0,331.0
36.0,OBREGON NORTE XVIII,SAHUARIPA,245.0,BASICA,25.0,50.0,1.0,0.0,0.0,0.0,0.0,0.0,0.0,0.0,0.0,0.0,0.0,50.0,0.0,1.0,76.0,77.0
63.0,HERMOSILLO SUR XII  ,HERMOSILLO,1551.0,CONTIGUA 1,103.0,106.0,3.0,3.0,5.0,3.0,3.0,1.0,2.0,0.0,4.0,0.0,0.0,116.0,0.0,5.0,233.0,238.0
256.0,HERMOSILLO NORESTE X    ,HERMOSILLO,345.0,CONTIGUA 3,187.0,179.0,9.0,2.0,6.0,2.0,6.0,3.0,4.0,0.0,0.0,0.0,0.0,183.0,0.0,7.0,398.0,405.0
234.0,CABORCA III  ,CABORCA,328.0,EXTRAORDINARIA 1,45.0,81.0,0.0,1.0,3.0,1.0,1.0,1.0,1.0,1.0,1.0,0.0,0.0,85.0,0.0,0.0,136.0,136.0
190.0,HERMOSILLO CENTRO IX   ,HERMOSILLO,532.0,CONTIGUA 4,170.0,200.0,18.0,7.0,10.0,8.0,13.0,1.0,4.0,1.0,7.0,2.0,0.0,225.0,0.0,5.0,441.0,446.0
143.0,PUERTO PEÑASCO II   ,SAN LUIS RIO COLORADO,730.0,CONTIGUA 3,111.0,83.0,12.0,5.0,2.0,5.0,11.0,1.0,6.0,0.0,5.0,0.0,0.0,98.0,0.0,6.0,241.0,247.0
357.0,HERMOSILLO NORESTE X    ,HERMOSILLO,340.0,EXTRAORDINARIA 1 CONTIGUA 4,152.0,141.0,4.0,8.0,4.0,0.0,8.0,4.0,3.0,1.0,1.0,1.0,0.0,152.0,0.0,6.0,327.0,333.0
220.0,OBREGON SURESTE XVI  ,CAJEME,778.0,BASICA,68.0,110.0,4.0,1.0,5.0,3.0,6.0,12.0,3.0,1.0,2.0,1.0,0.0,118.0,1.0,6.0,216.0,223.0
174.0,GUAYMAS XIII ,GUAYMAS,1083.0,BASICA,114.0,64.0,2.0,2.0,17.0,1.0,15.0,3.0,1.0,1.0,1.0,0.0,0.0,69.0,0.0,10.0,221.0,231.0
149.0,GUAYMAS XIII ,GUAYMAS,1527.0,BASICA,87.0,63.0,7.0,2.0,7.0,10.0,5.0,1.0,1.0,0.0,1.0,0.0,0.0,76.0,0.0,8.0,184.0,192.0
183.0,EMPALME XIV  ,EMPALME,996.0,CONTIGUA 1,139.0,143.0,27.0,12.0,4.0,2.0,4.0,2.0,2.0,0.0,2.0,0.0,0.0,159.0,0.0,10.0,337.0,347.0
348.0,NAVOJOA NORTE XIX  ,QUIRIEGO,1307.0,CONTIGUA 2,214.0,180.0,4.0,0.0,1.0,3.0,0.0,0.0,1.0,1.0,2.0,0.0,0.0,186.0,0.0,1.0,406.0,407.0
152.0,SAN LUIS RIO COLORADO I    ,SAN LUIS RIO COLORADO,666.0,CONTIGUA 1,135.0,110.0,6.0,1.0,3.0,3.0,9.0,5.0,3.0,3.0,0.0,0.0,0.0,117.0,0.0,7.0,278.0,285.0
223.0,GUAYMAS XIII ,GUAYMAS,1082.0,CONTIGUA 2,143.0,109.0,8.0,1.0,5.0,3.0,2.0,7.0,3.0,2.0,0.0,1.0,0.0,116.0,2.0,8.0,284.0,294.0
338.0,HERMOSILLO COSTA XI   ,HERMOSILLO,1475.0,BASICA,33.0,42.0,6.0,2.0,3.0,1.0,2.0,1.0,1.0,0.0,0.0,0.0,0.0,45.0,0.0,3.0,91.0,94.0
148.0,NOGALES NORTE IV   ,NOGALES,184.0,CONTIGUA 1,111.0,96.0,11.0,3.0,5.0,1.0,9.0,4.0,6.0,1.0,0.0,0.0,0.0,101.0,0.0,6.0,247.0,253.0
342.0,OBREGON NORTE XVIII,LA COLORADA,331.0,BASICA,212.0,235.0,54.0,8.0,4.0,5.0,3.0,1.0,0.0,1.0,1.0,0.0,0.0,250.0,0.0,7.0,524.0,531.0
57.0,OBREGON NORTE XVIII,CAJEME,943.0,CONTIGUA 1,84.0,169.0,2.0,0.0,4.0,0.0,20.0,2.0,3.0,0.0,0.0,0.0,0.0,169.0,0.0,10.0,284.0,294.0
208.0,OBREGON SUR XV   ,CAJEME,907.0,CONTIGUA 1,89.0,90.0,6.0,2.0,4.0,4.0,10.0,5.0,7.0,3.0,0.0,0.0,0.0,99.0,0.0,12.0,220.0,232.0
91.0,OBREGON SUR XV   ,CAJEME,971.0,BASICA,92.0,180.0,11.0,0.0,3.0,0.0,13.0,1.0,1.0,0.0,0.0,0.0,0.0,180.0,0.0,9.0,301.0,310.0
34.0,HERMOSILLO COSTA XI   ,HERMOSILLO,543.0,BASICA,118.0,101.0,5.0,7.0,4.0,2.0,6.0,0.0,2.0,1.0,1.0,0.0,0.0,112.0,0.0,2.0,247.0,249.0
69.0,GUAYMAS XIII ,GUAYMAS,1034.0,EXTRAORDINARIA 1,99.0,46.0,2.0,1.0,9.0,0.0,18.0,0.0,1.0,0.0,1.0,0.0,0.0,48.0,0.0,7.0,177.0,184.0
13.0,NOGALES NORTE IV   ,NOGALES,171.0,CONTIGUA 2,114.0,121.0,16.0,1.0,6.0,4.0,16.0,7.0,6.0,0.0,2.0,0.0,0.0,128.0,1.0,7.0,293.0,301.0
33.0,OBREGON SUR XV   ,CAJEME,921.0,CONTIGUA 1,120.0,71.0,7.0,4.0,1.0,4.0,9.0,1.0,0.0,0.0,0.0,0.0,0.0,79.0,0.0,2.0,217.0,219.0
187.0,NAVOJOA NORTE XIX  ,NAVOJOA,1265.0,CONTIGUA 1,133.0,132.0,4.0,2.0,0.0,5.0,8.0,0.0,2.0,1.0,1.0,0.0,0.0,141.0,0.0,7.0,288.0,295.0
236.0,HERMOSILLO CENTRO IX   ,HERMOSILLO,536.0,BASICA,147.0,114.0,8.0,3.0,1.0,4.0,7.0,1.0,3.0,0.0,0.0,0.0,0.0,121.0,0.0,4.0,288.0,292.0
304.0,OBREGON SURESTE XVI  ,CAJEME,782.0,BASICA,58.0,80.0,7.0,1.0,1.0,2.0,9.0,1.0,3.0,1.0,2.0,2.0,0.0,88.0,0.0,8.0,167.0,175.0
58.0,OBREGON CENTRO XVII ,CAJEME,789.0,BASICA,111.0,152.0,5.0,4.0,8.0,2.0,27.0,1.0,4.0,1.0,3.0,0.0,0.0,162.0,0.0,6.0,318.0,324.0
120.0,HERMOSILLO NORESTE X    ,HERMOSILLO,392.0,CONTIGUA 2,151.0,143.0,17.0,1.0,6.0,3.0,21.0,6.0,5.0,0.0,2.0,1.0,0.0,150.0,0.0,10.0,356.0,366.0
65.0,GUAYMAS XIII ,GUAYMAS,1050.0,BASICA,121.0,151.0,6.0,1.0,12.0,2.0,12.0,5.0,0.0,0.0,0.0,0.0,0.0,154.0,0.0,7.0,310.0,317.0
289.0,HERMOSILLO NORESTE X    ,HERMOSILLO,339.0,BASICA,142.0,127.0,17.0,4.0,8.0,6.0,8.0,2.0,7.0,8.0,0.0,0.0,0.0,145.0,0.0,11.0,329.0,340.0
10.0,EMPALME XIV  ,SAN IGNACIO RIO MUERTO,1102.0,CONTIGUA 1,128.0,192.0,28.0,24.0,1.0,4.0,7.0,4.0,0.0,0.0,2.0,0.0,0.0,222.0,0.0,10.0,390.0,400.0
55.0,HERMOSILLO NORESTE X    ,HERMOSILLO,343.0,CONTIGUA 4,166.0,172.0,4.0,5.0,9.0,10.0,6.0,3.0,3.0,2.0,4.0,0.0,0.0,193.0,2.0,9.0,384.0,395.0
318.0,OBREGON SURESTE XVI  ,CAJEME,777.0,CONTIGUA 1,84.0,198.0,25.0,4.0,2.0,3.0,18.0,8.0,3.0,2.0,2.0,0.0,0.0,209.0,0.0,9.0,349.0,358.0
219.0,HERMOSILLO COSTA XI   ,HERMOSILLO,601.0,CONTIGUA 5,114.0,145.0,2.0,1.0,6.0,2.0,5.0,0.0,5.0,0.0,0.0,0.0,0.0,148.0,0.0,7.0,280.0,287.0
79.0,ETCHOJOA XX   ,NAVOJOA,1293.0,CONTIGUA 1,132.0,138.0,3.0,3.0,4.0,0.0,2.0,0.0,1.0,0.0,3.0,0.0,0.0,144.0,0.0,5.0,286.0,291.0
367.0,NOGALES NORTE IV   ,NOGALES,159.0,BASICA,98.0,78.0,7.0,1.0,4.0,1.0,4.0,0.0,1.0,4.0,2.0,1.0,0.0,87.0,0.0,3.0,201.0,204.0
246.0,PUERTO PEÑASCO II   ,SAN LUIS RIO COLORADO,661.0,CONTIGUA 9,90.0,62.0,12.0,3.0,2.0,2.0,7.0,4.0,12.0,0.0,0.0,0.0,0.0,67.0,0.0,8.0,194.0,202.0
263.0,PUERTO PEÑASCO II   ,PUERTO PEÑASCO,638.0,CONTIGUA 1,197.0,150.0,5.0,2.0,4.0,7.0,4.0,0.0,1.0,0.0,2.0,0.0,0.0,161.0,0.0,6.0,372.0,378.0
167.0,ETCHOJOA XX   ,ETCHOJOA,1185.0,CONTIGUA 1,100.0,127.0,19.0,2.0,3.0,5.0,2.0,0.0,0.0,1.0,2.0,0.0,0.0,137.0,0.0,7.0,261.0,268.0
363.0,NOGALES SUR V    ,NOGALES,221.0,CONTIGUA 5,149.0,81.0,12.0,5.0,9.0,1.0,14.0,6.0,6.0,0.0,0.0,1.0,0.0,88.0,0.0,6.0,284.0,290.0
172.0,HERMOSILLO NOROESTE VIII ,HERMOSILLO,1351.0,CONTIGUA 1,118.0,82.0,4.0,4.0,3.0,1.0,7.0,5.0,3.0,4.0,0.0,0.0,0.0,91.0,0.0,10.0,231.0,241.0
368.0,NOGALES SUR V    ,NOGALES,1377.0,CONTIGUA 1,96.0,108.0,10.0,0.0,13.0,4.0,16.0,3.0,5.0,0.0,0.0,0.0,0.0,112.0,0.0,5.0,255.0,260.0
266.0,HERMOSILLO CENTRO IX   ,HERMOSILLO,532.0,CONTIGUA 8,156.0,216.0,14.0,1.0,6.0,4.0,10.0,3.0,5.0,0.0,3.0,0.0,0.0,224.0,0.0,8.0,418.0,426.0
329.0,OBREGON NORTE XVIII,CAJEME,936.0,BASICA,134.0,239.0,2.0,0.0,3.0,1.0,15.0,0.0,1.0,0.0,0.0,0.0,0.0,240.0,0.0,7.0,395.0,402.0
284.0,PUERTO PEÑASCO II   ,PUERTO PEÑASCO,638.0,CONTIGUA 13,181.0,155.0,2.0,1.0,2.0,0.0,0.0,3.0,4.0,2.0,0.0,0.0,0.0,158.0,0.0,3.0,350.0,353.0
285.0,AGUA PRIETA VII  ,AGUA PRIETA,8.0,CONTIGUA 2,190.0,71.0,9.0,2.0,7.0,21.0,5.0,0.0,0.0,2.0,0.0,11.0,0.0,107.0,1.0,3.0,318.0,322.0
327.0,AGUA PRIETA VII  ,AGUA PRIETA,26.0,CONTIGUA 2,199.0,83.0,4.0,1.0,6.0,29.0,1.0,3.0,2.0,11.0,1.0,5.0,1.0,131.0,1.0,13.0,346.0,360.0
202.0,HERMOSILLO CENTRO IX   ,HERMOSILLO,435.0,BASICA,121.0,73.0,12.0,2.0,1.0,4.0,7.0,4.0,2.0,0.0,3.0,0.0,0.0,82.0,0.0,9.0,229.0,238.0
316.0,GUAYMAS XIII ,GUAYMAS,1090.0,BASICA,136.0,88.0,6.0,2.0,4.0,1.0,16.0,0.0,0.0,0.0,1.0,0.0,0.0,92.0,0.0,6.0,254.0,260.0
315.0,CANANEA VI   ,URES,750.0,CONTIGUA 1,220.0,108.0,63.0,3.0,3.0,34.0,0.0,2.0,4.0,8.0,2.0,3.0,0.0,158.0,0.0,18.0,450.0,468.0
2.0,OBREGON NORTE XVIII,CAJEME,951.0,CONTIGUA 1,82.0,152.0,14.0,5.0,3.0,7.0,17.0,3.0,7.0,5.0,0.0,0.0,0.0,169.0,0.0,5.0,295.0,300.0
295.0,NOGALES NORTE IV   ,NOGALES,187.0,CONTIGUA 3,149.0,91.0,6.0,3.0,8.0,6.0,9.0,6.0,6.0,0.0,0.0,0.0,0.0,100.0,0.0,8.0,284.0,292.0
138.0,HERMOSILLO NOROESTE VIII ,HERMOSILLO,433.0,BASICA,146.0,134.0,4.0,8.0,6.0,2.0,9.0,2.0,3.0,4.0,3.0,0.0,0.0,151.0,0.0,6.0,321.0,327.0
22.0,NOGALES SUR V    ,NOGALES,1441.0,CONTIGUA 1,60.0,78.0,3.0,7.0,2.0,0.0,6.0,0.0,2.0,0.0,1.0,0.0,0.0,86.0,0.0,1.0,159.0,160.0
278.0,HUATABAMPO XXI  ,HUATABAMPO,1198.0,ESPECIAL 1,217.0,484.0,8.0,8.0,2.0,6.0,1.0,0.0,1.0,8.0,11.0,2.0,0.0,519.0,0.0,6.0,748.0,754.0
78.0,PUERTO PEÑASCO II   ,SAN LUIS RIO COLORADO,730.0,CONTIGUA 1,86.0,79.0,8.0,3.0,2.0,4.0,12.0,3.0,11.0,0.0,0.0,0.0,0.0,86.0,0.0,2.0,208.0,210.0
203.0,NAVOJOA NORTE XIX  ,NAVOJOA,1230.0,CONTIGUA 1,168.0,147.0,4.0,0.0,2.0,0.0,5.0,1.0,6.0,0.0,3.0,0.0,0.0,150.0,0.0,13.0,336.0,349.0
224.0,AGUA PRIETA VII  ,NACOZARI DE GARCIA,158.0,BASICA,19.0,25.0,9.0,3.0,2.0,3.0,11.0,0.0,3.0,0.0,0.0,0.0,0.0,31.0,0.0,0.0,75.0,75.0
122.0,HERMOSILLO CENTRO IX   ,HERMOSILLO,420.0,BASICA,166.0,152.0,11.0,1.0,4.0,2.0,11.0,4.0,1.0,1.0,2.0,0.0,0.0,158.0,0.0,12.0,355.0,367.0
268.0,CANANEA VI   ,MAGDALENA,123.0,BASICA,81.0,215.0,13.0,2.0,3.0,7.0,2.0,2.0,1.0,9.0,2.0,10.0,0.0,245.0,0.0,11.0,347.0,358.0
74.0,HERMOSILLO NOROESTE VIII ,HERMOSILLO,449.0,BASICA,139.0,191.0,10.0,4.0,11.0,5.0,14.0,3.0,8.0,1.0,3.0,0.0,0.0,204.0,0.0,11.0,389.0,400.0
35.0,OBREGON CENTRO XVII ,CAJEME,867.0,BASICA,70.0,154.0,10.0,4.0,5.0,5.0,14.0,4.0,5.0,0.0,1.0,1.0,0.0,165.0,0.0,13.0,273.0,286.0
68.0,CANANEA VI   ,MAGDALENA,128.0,CONTIGUA 1,62.0,152.0,2.0,5.0,2.0,5.0,5.0,2.0,2.0,12.0,1.0,2.0,0.0,177.0,0.0,11.0,252.0,263.0
14.0,EMPALME XIV  ,BACUM,760.0,CONTIGUA 2,156.0,168.0,25.0,0.0,4.0,0.0,0.0,1.0,1.0,0.0,0.0,0.0,0.0,168.0,0.0,7.0,355.0,362.0
90.0,ETCHOJOA XX   ,NAVOJOA,1299.0,BASICA,111.0,181.0,5.0,1.0,0.0,1.0,3.0,0.0,0.0,0.0,0.0,0.0,5.0,188.0,0.0,2.0,307.0,309.0
188.0,OBREGON CENTRO XVII ,CAJEME,846.0,CONTIGUA 1,87.0,159.0,10.0,0.0,1.0,4.0,13.0,3.0,3.0,1.0,2.0,0.0,0.0,166.0,0.0,4.0,283.0,287.0
306.0,CANANEA VI   ,CANANEA,72.0,CONTIGUA 1,151.0,170.0,22.0,1.0,4.0,5.0,9.0,2.0,1.0,2.0,7.0,4.0,0.0,189.0,0.0,12.0,378.0,390.0
42.0,EMPALME XIV  ,GUAYMAS,1097.0,BASICA,74.0,173.0,20.0,7.0,6.0,7.0,11.0,0.0,0.0,0.0,1.0,0.0,0.0,188.0,0.0,14.0,299.0,313.0
351.0,HERMOSILLO COSTA XI   ,HERMOSILLO,552.0,CONTIGUA 1,126.0,90.0,3.0,2.0,3.0,5.0,6.0,0.0,3.0,2.0,1.0,0.0,0.0,100.0,0.0,4.0,241.0,245.0
70.0,PUERTO PEÑASCO II   ,SAN LUIS RIO COLORADO,670.0,CONTIGUA 2,105.0,81.0,6.0,8.0,1.0,9.0,17.0,7.0,8.0,0.0,0.0,0.0,0.0,98.0,0.0,3.0,242.0,245.0
81.0,OBREGON SURESTE XVI  ,CAJEME,902.0,CONTIGUA 1,69.0,103.0,1.0,2.0,5.0,2.0,7.0,3.0,4.0,0.0,1.0,1.0,0.0,109.0,0.0,4.0,198.0,202.0
75.0,OBREGON SUR XV   ,CAJEME,906.0,CONTIGUA 1,79.0,124.0,5.0,2.0,6.0,4.0,16.0,5.0,4.0,0.0,0.0,0.0,0.0,130.0,0.0,10.0,245.0,255.0
92.0,CABORCA III  ,BENJAMIN HILL,68.0,CONTIGUA 1,181.0,120.0,3.0,4.0,10.0,7.0,3.0,0.0,6.0,0.0,4.0,0.0,0.0,135.0,0.0,8.0,338.0,346.0
230.0,HERMOSILLO CENTRO IX   ,HERMOSILLO,468.0,BASICA,169.0,134.0,9.0,2.0,6.0,1.0,8.0,0.0,2.0,4.0,3.0,1.0,0.0,145.0,0.0,19.0,339.0,358.0
328.0,AGUA PRIETA VII  ,MOCTEZUMA,141.0,BASICA,51.0,47.0,0.0,1.0,1.0,3.0,1.0,0.0,1.0,8.0,3.0,0.0,0.0,62.0,0.0,0.0,116.0,116.0
331.0,PUERTO PEÑASCO II   ,PUERTO PEÑASCO,644.0,CONTIGUA 2,231.0,127.0,13.0,4.0,2.0,2.0,3.0,1.0,3.0,2.0,2.0,1.0,0.0,138.0,0.0,5.0,391.0,396.0
366.0,HERMOSILLO CENTRO IX   ,HERMOSILLO,534.0,CONTIGUA 1,195.0,84.0,4.0,5.0,3.0,2.0,0.0,2.0,1.0,0.0,2.0,0.0,0.0,93.0,0.0,6.0,298.0,304.0
1.0,OBREGON CENTRO XVII ,CAJEME,796.0,CONTIGUA 1,68.0,132.0,2.0,4.0,10.0,5.0,51.0,3.0,0.0,0.0,2.0,0.0,0.0,143.0,0.0,12.0,277.0,289.0
294.0,EMPALME XIV  ,EMPALME,1007.0,CONTIGUA 1,130.0,126.0,15.0,1.0,6.0,5.0,6.0,4.0,1.0,1.0,0.0,0.0,0.0,133.0,0.0,4.0,295.0,299.0
56.0,HUATABAMPO XXI  ,HUATABAMPO,1193.0,BASICA,126.0,142.0,3.0,1.0,2.0,0.0,1.0,0.0,0.0,12.0,0.0,0.0,0.0,155.0,0.0,0.0,287.0,287.0
267.0,CANANEA VI   ,MAGDALENA,133.0,CONTIGUA 2,80.0,218.0,7.0,4.0,1.0,3.0,2.0,0.0,0.0,0.0,0.0,0.0,0.0,225.0,0.0,6.0,315.0,321.0
76.0,PUERTO PEÑASCO II   ,PUERTO PEÑASCO,635.0,BASICA,142.0,150.0,5.0,3.0,3.0,3.0,7.0,3.0,4.0,2.0,4.0,0.0,0.0,162.0,0.0,4.0,326.0,330.0
94.0,NAVOJOA NORTE XIX  ,NAVOJOA,1278.0,CONTIGUA 1,122.0,180.0,20.0,4.0,1.0,1.0,0.0,1.0,2.0,1.0,3.0,0.0,0.0,189.0,0.0,4.0,335.0,339.0
46.0,NOGALES SUR V    ,IMURIS,112.0,CONTIGUA 1,149.0,116.0,4.0,3.0,2.0,4.0,3.0,2.0,2.0,1.0,1.0,0.0,0.0,125.0,1.0,8.0,287.0,296.0
344.0,HERMOSILLO NOROESTE VIII ,HERMOSILLO,386.0,CONTIGUA 1,119.0,130.0,7.0,2.0,3.0,5.0,7.0,5.0,2.0,6.0,0.0,0.0,0.0,143.0,0.0,10.0,286.0,296.0
324.0,HERMOSILLO COSTA XI   ,HERMOSILLO,590.0,CONTIGUA 4,153.0,185.0,14.0,2.0,5.0,1.0,12.0,4.0,4.0,2.0,1.0,1.0,0.0,192.0,0.0,14.0,384.0,398.0
85.0,ETCHOJOA XX   ,NAVOJOA,1261.0,CONTIGUA 2,137.0,178.0,7.0,1.0,4.0,4.0,7.0,4.0,6.0,0.0,1.0,1.0,0.0,185.0,0.0,5.0,350.0,355.0
258.0,HUATABAMPO XXI  ,ALAMOS,1109.0,BASICA,208.0,233.0,2.0,3.0,4.0,10.0,12.0,0.0,0.0,13.0,5.0,2.0,0.0,266.0,0.0,9.0,492.0,501.0
128.0,HERMOSILLO SUR XII  ,HERMOSILLO,581.0,CONTIGUA 2,122.0,96.0,2.0,0.0,6.0,2.0,6.0,0.0,4.0,2.0,4.0,0.0,0.0,104.0,0.0,9.0,244.0,253.0
95.0,OBREGON NORTE XVIII,CAJEME,774.0,BASICA,72.0,215.0,9.0,4.0,12.0,5.0,25.0,4.0,4.0,5.0,3.0,1.0,0.0,233.0,0.0,7.0,359.0,366.0
67.0,HERMOSILLO NORESTE X    ,HERMOSILLO,339.0,CONTIGUA 1,143.0,143.0,16.0,9.0,3.0,5.0,7.0,4.0,2.0,0.0,6.0,0.0,0.0,163.0,0.0,12.0,338.0,350.0
109.0,CABORCA III  ,CABORCA,305.0,BASICA,135.0,166.0,6.0,5.0,19.0,16.0,14.0,0.0,6.0,0.0,1.0,0.0,0.0,188.0,0.0,8.0,368.0,376.0
275.0,HERMOSILLO SUR XII  ,HERMOSILLO,541.0,BASICA,173.0,122.0,3.0,10.0,4.0,1.0,2.0,0.0,1.0,0.0,3.0,0.0,0.0,136.0,0.0,12.0,319.0,331.0
15.0,PUERTO PEÑASCO II   ,PUERTO PEÑASCO,632.0,BASICA,223.0,113.0,0.0,0.0,6.0,1.0,5.0,0.0,0.0,0.0,0.0,0.0,0.0,114.0,0.0,8.0,348.0,356.0
9.0,AGUA PRIETA VII  ,VILLA HIDALGO,288.0,BASICA,64.0,90.0,29.0,2.0,1.0,3.0,2.0,1.0,0.0,0.0,0.0,0.0,0.0,95.0,0.0,9.0,192.0,201.0
131.0,AGUA PRIETA VII  ,AGUA PRIETA,16.0,BASICA,232.0,73.0,2.0,0.0,4.0,37.0,0.0,2.0,2.0,11.0,0.0,8.0,0.0,129.0,0.0,7.0,371.0,378.0
227.0,OBREGON CENTRO XVII ,CAJEME,841.0,BASICA,75.0,171.0,13.0,2.0,4.0,5.0,19.0,2.0,6.0,2.0,3.0,0.0,0.0,183.0,1.0,8.0,302.0,311.0
192.0,HERMOSILLO COSTA XI   ,HERMOSILLO,1474.0,BASICA,93.0,115.0,12.0,3.0,5.0,7.0,7.0,4.0,1.0,1.0,2.0,1.0,0.0,129.0,0.0,6.0,251.0,257.0
125.0,HUATABAMPO XXI  ,ALAMOS,1113.0,CONTIGUA 1,49.0,172.0,0.0,3.0,1.0,0.0,0.0,0.0,0.0,8.0,6.0,1.0,0.0,190.0,0.0,9.0,240.0,249.0
173.0,GUAYMAS XIII ,GUAYMAS,1032.0,BASICA,134.0,113.0,5.0,3.0,6.0,5.0,17.0,0.0,1.0,3.0,3.0,2.0,0.0,129.0,0.0,6.0,292.0,298.0
118.0,OBREGON NORTE XVIII,ARIVECHI,39.0,BASICA,85.0,116.0,1.0,1.0,1.0,0.0,1.0,0.0,0.0,2.0,0.0,2.0,0.0,121.0,0.0,5.0,209.0,214.0
164.0,HERMOSILLO SUR XII  ,HERMOSILLO,510.0,CONTIGUA 1,93.0,82.0,5.0,1.0,3.0,3.0,8.0,1.0,3.0,5.0,1.0,1.0,0.0,93.0,1.0,7.0,206.0,214.0
108.0,PUERTO PEÑASCO II   ,SAN LUIS RIO COLORADO,742.0,BASICA,169.0,119.0,6.0,17.0,1.0,10.0,6.0,6.0,13.0,0.0,0.0,0.0,0.0,146.0,0.0,13.0,347.0,360.0
362.0,CABORCA III  ,CABORCA,308.0,CONTIGUA 2,122.0,127.0,8.0,7.0,14.0,2.0,29.0,2.0,3.0,0.0,2.0,0.0,0.0,138.0,0.0,3.0,316.0,319.0
151.0,HERMOSILLO SUR XII  ,HERMOSILLO,586.0,CONTIGUA 1,126.0,172.0,1.0,6.0,2.0,1.0,3.0,0.0,4.0,5.0,6.0,2.0,0.0,192.0,0.0,9.0,328.0,337.0
136.0,HERMOSILLO SUR XII  ,HERMOSILLO,508.0,BASICA,190.0,144.0,11.0,2.0,9.0,1.0,15.0,2.0,5.0,6.0,4.0,0.0,0.0,157.0,1.0,12.0,389.0,402.0
61.0,HERMOSILLO NOROESTE VIII ,HERMOSILLO,427.0,CONTIGUA 2,117.0,111.0,4.0,8.0,6.0,2.0,9.0,4.0,3.0,4.0,2.0,0.0,2.0,129.0,0.0,12.0,272.0,284.0
38.0,NOGALES NORTE IV   ,NOGALES,163.0,CONTIGUA 2,103.0,96.0,3.0,2.0,3.0,2.0,2.0,5.0,3.0,1.0,4.0,0.0,0.0,105.0,2.0,13.0,224.0,239.0
16.0,NOGALES SUR V    ,IMURIS,122.0,BASICA,106.0,132.0,2.0,2.0,2.0,1.0,0.0,0.0,1.0,1.0,1.0,1.0,0.0,138.0,0.0,4.0,249.0,253.0
204.0,HUATABAMPO XXI  ,HUATABAMPO,1197.0,BASICA,162.0,227.0,17.0,1.0,3.0,1.0,4.0,2.0,0.0,6.0,10.0,0.0,0.0,245.0,0.0,1.0,433.0,434.0
191.0,PUERTO PEÑASCO II   ,SAN LUIS RIO COLORADO,729.0,CONTIGUA 3,83.0,69.0,4.0,4.0,4.0,4.0,16.0,4.0,5.0,2.0,0.0,0.0,0.0,79.0,0.0,6.0,195.0,201.0
353.0,HUATABAMPO XXI  ,HUATABAMPO,1215.0,CONTIGUA 2,153.0,138.0,24.0,1.0,0.0,2.0,1.0,0.0,0.0,5.0,6.0,2.0,0.0,154.0,0.0,7.0,332.0,339.0
255.0,HERMOSILLO NORESTE X    ,HERMOSILLO,359.0,CONTIGUA 2,155.0,225.0,12.0,6.0,3.0,5.0,11.0,4.0,6.0,5.0,4.0,0.0,0.0,245.0,3.0,7.0,436.0,446.0
320.0,SAN LUIS RIO COLORADO I    ,SAN LUIS RIO COLORADO,700.0,BASICA,78.0,72.0,1.0,6.0,2.0,2.0,8.0,2.0,5.0,1.0,4.0,0.0,0.0,85.0,0.0,1.0,181.0,182.0
325.0,HERMOSILLO NOROESTE VIII ,HERMOSILLO,1346.0,BASICA,160.0,134.0,9.0,2.0,6.0,2.0,8.0,2.0,7.0,0.0,3.0,0.0,0.0,141.0,0.0,4.0,333.0,337.0
166.0,HERMOSILLO COSTA XI   ,HERMOSILLO,1471.0,BASICA,62.0,61.0,9.0,1.0,4.0,8.0,5.0,4.0,3.0,1.0,0.0,1.0,0.0,72.0,0.0,5.0,159.0,164.0
349.0,HERMOSILLO SUR XII  ,HERMOSILLO,1554.0,CONTIGUA 1,119.0,114.0,6.0,3.0,5.0,3.0,4.0,4.0,6.0,3.0,6.0,3.0,0.0,132.0,0.0,10.0,276.0,286.0
107.0,HERMOSILLO NOROESTE VIII ,HERMOSILLO,1332.0,CONTIGUA 2,106.0,88.0,6.0,0.0,1.0,4.0,5.0,3.0,2.0,4.0,3.0,0.0,0.0,99.0,0.0,7.0,222.0,229.0
97.0,HERMOSILLO COSTA XI   ,HERMOSILLO,543.0,CONTIGUA 1,115.0,92.0,4.0,3.0,2.0,3.0,2.0,0.0,1.0,3.0,2.0,0.0,0.0,103.0,0.0,7.0,227.0,234.0
53.0,HERMOSILLO NOROESTE VIII ,HERMOSILLO,374.0,CONTIGUA 8,102.0,133.0,11.0,0.0,5.0,0.0,7.0,1.0,1.0,0.0,0.0,0.0,0.0,133.0,0.0,11.0,260.0,271.0
195.0,NAVOJOA NORTE XIX  ,NAVOJOA,1250.0,BASICA,93.0,112.0,2.0,4.0,0.0,4.0,6.0,1.0,1.0,0.0,3.0,0.0,0.0,123.0,0.0,7.0,226.0,233.0
99.0,HERMOSILLO COSTA XI   ,HERMOSILLO,1486.0,BASICA,49.0,21.0,2.0,1.0,1.0,0.0,1.0,0.0,0.0,0.0,0.0,0.0,0.0,22.0,0.0,2.0,75.0,77.0
291.0,PUERTO PEÑASCO II   ,SAN LUIS RIO COLORADO,661.0,CONTIGUA 6,90.0,76.0,4.0,2.0,2.0,2.0,17.0,1.0,8.0,1.0,0.0,1.0,0.0,82.0,0.0,3.0,204.0,207.0
288.0,SAN LUIS RIO COLORADO I    ,SAN LUIS RIO COLORADO,737.0,EXTRAORDINARIA 1 CONTIGUA 1,134.0,128.0,7.0,13.0,3.0,3.0,23.0,3.0,7.0,0.0,0.0,0.0,0.0,144.0,0.0,5.0,321.0,326.0
218.0,AGUA PRIETA VII  ,FRONTERAS,104.0,CONTIGUA 2,99.0,181.0,1.0,11.0,24.0,0.0,0.0,0.0,1.0,10.0,7.0,0.0,0.0,209.0,0.0,2.0,334.0,336.0
130.0,CANANEA VI   ,CANANEA,73.0,BASICA,97.0,124.0,19.0,3.0,8.0,9.0,4.0,1.0,0.0,6.0,0.0,0.0,0.0,142.0,0.0,6.0,271.0,277.0
336.0,AGUA PRIETA VII  ,NACOZARI DE GARCIA,153.0,CONTIGUA 1,100.0,116.0,20.0,1.0,1.0,3.0,3.0,0.0,1.0,5.0,1.0,3.0,0.0,129.0,0.0,6.0,254.0,260.0
214.0,HERMOSILLO SUR XII  ,HERMOSILLO,558.0,CONTIGUA 3,140.0,119.0,11.0,1.0,6.0,10.0,13.0,5.0,0.0,1.0,2.0,2.0,0.0,135.0,0.0,12.0,310.0,322.0
240.0,NOGALES NORTE IV   ,NOGALES,184.0,BASICA,112.0,93.0,3.0,9.0,7.0,2.0,8.0,2.0,2.0,0.0,1.0,1.0,0.0,106.0,1.0,8.0,240.0,249.0
296.0,HERMOSILLO SUR XII  ,HERMOSILLO,587.0,BASICA,49.0,143.0,1.0,1.0,6.0,2.0,4.0,0.0,2.0,3.0,4.0,1.0,0.0,154.0,0.0,6.0,216.0,222.0
206.0,HERMOSILLO COSTA XI   ,HERMOSILLO,544.0,CONTIGUA 2,116.0,116.0,8.0,4.0,7.0,5.0,9.0,0.0,5.0,1.0,2.0,0.0,0.0,128.0,1.0,6.0,273.0,280.0
111.0,NOGALES SUR V    ,NOGALES,217.0,CONTIGUA 15,111.0,101.0,7.0,3.0,7.0,5.0,11.0,7.0,4.0,2.0,2.0,2.0,0.0,115.0,0.0,8.0,262.0,270.0
160.0,PUERTO PEÑASCO II   ,GRAL. PLUTARCO ELIAS CALLES,1324.0,CONTIGUA 1,104.0,107.0,76.0,5.0,8.0,5.0,5.0,3.0,1.0,0.0,3.0,0.0,0.0,120.0,0.0,14.0,317.0,331.0
64.0,SAN LUIS RIO COLORADO I    ,SAN LUIS RIO COLORADO,738.0,CONTIGUA 1,151.0,113.0,2.0,38.0,0.0,2.0,19.0,6.0,8.0,1.0,5.0,1.0,1.0,161.0,0.0,5.0,347.0,352.0
114.0,HERMOSILLO SUR XII  ,HERMOSILLO,491.0,BASICA,82.0,93.0,6.0,0.0,0.0,0.0,4.0,1.0,1.0,1.0,3.0,0.0,0.0,97.0,1.0,6.0,191.0,198.0
19.0,HERMOSILLO SUR XII  ,HERMOSILLO,1530.0,CONTIGUA 1,96.0,91.0,4.0,1.0,4.0,3.0,2.0,2.0,3.0,0.0,0.0,0.0,0.0,95.0,0.0,4.0,206.0,210.0
333.0,NAVOJOA NORTE XIX  ,NAVOJOA,1286.0,EXTRAORDINARIA 1 CONTIGUA 1,125.0,88.0,6.0,3.0,5.0,2.0,1.0,0.0,0.0,0.0,2.0,0.0,0.0,95.0,0.0,10.0,232.0,242.0
87.0,HERMOSILLO CENTRO IX   ,HERMOSILLO,378.0,BASICA,168.0,150.0,10.0,5.0,5.0,3.0,11.0,4.0,3.0,5.0,5.0,1.0,0.0,169.0,0.0,15.0,370.0,385.0
286.0,EMPALME XIV  ,BACUM,771.0,CONTIGUA 1,88.0,194.0,97.0,6.0,5.0,4.0,13.0,0.0,0.0,0.0,0.0,1.0,1.0,206.0,0.0,16.0,409.0,425.0
250.0,NAVOJOA NORTE XIX  ,NAVOJOA,1244.0,CONTIGUA 1,170.0,178.0,2.0,6.0,3.0,3.0,6.0,1.0,2.0,1.0,1.0,1.0,0.0,190.0,0.0,5.0,374.0,379.0
261.0,GUAYMAS XIII ,GUAYMAS,1056.0,BASICA,106.0,98.0,2.0,1.0,6.0,3.0,24.0,1.0,3.0,0.0,0.0,0.0,0.0,102.0,0.0,13.0,244.0,257.0
345.0,OBREGON CENTRO XVII ,CAJEME,822.0,CONTIGUA 1,94.0,169.0,20.0,4.0,3.0,5.0,14.0,4.0,4.0,1.0,3.0,1.0,0.0,183.0,2.0,5.0,322.0,329.0
113.0,HERMOSILLO CENTRO IX   ,HERMOSILLO,456.0,CONTIGUA 1,163.0,185.0,17.0,3.0,4.0,1.0,15.0,3.0,5.0,1.0,3.0,0.0,0.0,193.0,0.0,12.0,400.0,412.0
18.0,AGUA PRIETA VII  ,CUMPAS,95.0,BASICA,11.0,69.0,2.0,1.0,1.0,24.0,0.0,0.0,0.0,0.0,0.0,3.0,0.0,97.0,0.0,0.0,111.0,111.0
112.0,HUATABAMPO XXI  ,HUATABAMPO,1227.0,BASICA,102.0,142.0,8.0,1.0,1.0,2.0,0.0,0.0,1.0,2.0,5.0,0.0,0.0,152.0,0.0,7.0,264.0,271.0
60.0,HERMOSILLO CENTRO IX   ,HERMOSILLO,474.0,CONTIGUA 5,159.0,157.0,16.0,7.0,5.0,0.0,20.0,2.0,2.0,2.0,3.0,0.0,0.0,169.0,2.0,7.0,373.0,382.0
45.0,OBREGON SUR XV   ,CAJEME,910.0,BASICA,80.0,118.0,5.0,1.0,8.0,8.0,16.0,2.0,2.0,3.0,0.0,0.0,0.0,130.0,0.0,5.0,243.0,248.0
89.0,HERMOSILLO NORESTE X    ,HERMOSILLO,341.0,BASICA,157.0,154.0,13.0,1.0,4.0,4.0,10.0,3.0,4.0,3.0,5.0,0.0,0.0,167.0,1.0,2.0,358.0,361.0
129.0,NAVOJOA NORTE XIX  ,NAVOJOA,1231.0,CONTIGUA 1,105.0,103.0,3.0,0.0,3.0,2.0,8.0,0.0,1.0,0.0,3.0,0.0,0.0,108.0,0.0,7.0,228.0,235.0
290.0,HERMOSILLO COSTA XI   ,HERMOSILLO,551.0,BASICA,115.0,95.0,3.0,2.0,4.0,5.0,6.0,3.0,1.0,0.0,0.0,0.0,0.0,102.0,0.0,6.0,234.0,240.0
323.0,GUAYMAS XIII ,GUAYMAS,1028.0,CONTIGUA 1,165.0,114.0,9.0,0.0,6.0,3.0,19.0,1.0,5.0,0.0,0.0,0.0,0.0,117.0,1.0,10.0,322.0,333.0
326.0,HERMOSILLO COSTA XI   ,HERMOSILLO,569.0,CONTIGUA 9,140.0,139.0,3.0,2.0,7.0,2.0,3.0,0.0,2.0,1.0,6.0,0.0,0.0,150.0,1.0,9.0,305.0,315.0
73.0,CABORCA III  ,BENJAMIN HILL,66.0,CONTIGUA 1,145.0,133.0,3.0,1.0,11.0,4.0,4.0,2.0,14.0,4.0,1.0,1.0,0.0,144.0,0.0,5.0,323.0,328.0
314.0,ETCHOJOA XX   ,NAVOJOA,1291.0,CONTIGUA 1,138.0,158.0,7.0,0.0,3.0,9.0,2.0,0.0,3.0,0.0,1.0,2.0,0.0,170.0,0.0,11.0,323.0,334.0
182.0,OBREGON SURESTE XVI  ,CAJEME,808.0,CONTIGUA 7,69.0,168.0,6.0,2.0,6.0,8.0,17.0,2.0,6.0,3.0,3.0,0.0,0.0,184.0,0.0,2.0,290.0,292.0
105.0,HERMOSILLO NOROESTE VIII ,HERMOSILLO,1332.0,CONTIGUA 7,114.0,94.0,4.0,3.0,4.0,2.0,6.0,1.0,2.0,1.0,6.0,1.0,0.0,107.0,0.0,7.0,238.0,245.0
355.0,NOGALES SUR V    ,NOGALES,1437.0,BASICA,101.0,68.0,5.0,2.0,12.0,1.0,7.0,7.0,4.0,2.0,0.0,1.0,0.0,74.0,0.0,5.0,210.0,215.0
156.0,CANANEA VI   ,MAGDALENA,130.0,CONTIGUA 3,95.0,199.0,18.0,2.0,0.0,11.0,3.0,3.0,0.0,19.0,0.0,0.0,0.0,231.0,0.0,4.0,350.0,354.0
301.0,OBREGON NORTE XVIII,VILLA PESQUEIRA,289.0,BASICA,254.0,165.0,2.0,1.0,2.0,14.0,6.0,0.0,0.0,7.0,1.0,0.0,0.0,188.0,0.0,3.0,452.0,455.0
226.0,HERMOSILLO NORESTE X    ,HERMOSILLO,381.0,CONTIGUA 1,138.0,129.0,6.0,4.0,3.0,1.0,8.0,4.0,6.0,0.0,9.0,1.0,0.0,144.0,1.0,4.0,309.0,314.0
44.0,OBREGON CENTRO XVII ,CAJEME,806.0,BASICA,71.0,169.0,17.0,0.0,1.0,3.0,14.0,7.0,4.0,2.0,1.0,1.0,0.0,176.0,0.0,11.0,290.0,301.0
24.0,NOGALES NORTE IV   ,NOGALES,161.0,CONTIGUA 1,56.0,67.0,6.0,4.0,4.0,2.0,2.0,2.0,2.0,73.0,71.0,69.0,6.0,292.0,0.0,2.0,364.0,366.0
121.0,HERMOSILLO NOROESTE VIII ,HERMOSILLO,431.0,CONTIGUA 1,158.0,115.0,6.0,1.0,1.0,4.0,9.0,4.0,5.0,4.0,2.0,1.0,0.0,127.0,0.0,8.0,310.0,318.0
40.0,ETCHOJOA XX   ,ETCHOJOA,1166.0,BASICA,162.0,122.0,42.0,1.0,7.0,0.0,9.0,0.0,1.0,5.0,3.0,3.0,0.0,134.0,0.0,12.0,355.0,367.0
303.0,ETCHOJOA XX   ,NAVOJOA,1243.0,CONTIGUA 2,161.0,132.0,8.0,1.0,5.0,5.0,2.0,1.0,7.0,0.0,0.0,1.0,0.0,139.0,1.0,4.0,323.0,328.0
334.0,CANANEA VI   ,ARIZPE,42.0,BASICA,199.0,164.0,27.0,0.0,2.0,3.0,1.0,0.0,0.0,11.0,5.0,10.0,0.0,193.0,0.0,5.0,422.0,427.0
29.0,NOGALES NORTE IV   ,NOGALES,194.0,CONTIGUA 2,99.0,98.0,10.0,4.0,8.0,4.0,14.0,6.0,0.0,0.0,0.0,0.0,0.0,106.0,0.0,12.0,243.0,255.0
277.0,OBREGON SURESTE XVI  ,CAJEME,818.0,BASICA,69.0,105.0,9.0,0.0,2.0,2.0,15.0,3.0,4.0,0.0,0.0,0.0,0.0,107.0,0.0,1.0,209.0,210.0
185.0,PUERTO PEÑASCO II   ,SAN LUIS RIO COLORADO,724.0,CONTIGUA 1,97.0,94.0,4.0,4.0,0.0,4.0,15.0,1.0,7.0,2.0,0.0,0.0,0.0,104.0,1.0,2.0,228.0,231.0
252.0,OBREGON CENTRO XVII ,CAJEME,821.0,BASICA,33.0,54.0,3.0,2.0,2.0,1.0,7.0,2.0,2.0,0.0,1.0,0.0,0.0,58.0,0.0,2.0,107.0,109.0
264.0,SAN LUIS RIO COLORADO I    ,SAN LUIS RIO COLORADO,685.0,CONTIGUA 1,156.0,82.0,4.0,6.0,1.0,5.0,11.0,4.0,7.0,0.0,4.0,0.0,0.0,97.0,0.0,9.0,280.0,289.0
47.0,PUERTO PEÑASCO II   ,PUERTO PEÑASCO,637.0,BASICA,169.0,164.0,1.0,0.0,7.0,7.0,7.0,3.0,1.0,2.0,0.0,0.0,0.0,173.0,0.0,10.0,361.0,371.0
25.0,PUERTO PEÑASCO II   ,PUERTO PEÑASCO,632.0,CONTIGUA 5,201.0,117.0,8.0,4.0,1.0,1.0,4.0,3.0,4.0,0.0,0.0,0.0,0.0,122.0,0.0,16.0,343.0,359.0
11.0,ETCHOJOA XX   ,ETCHOJOA,1165.0,CONTIGUA 1,144.0,143.0,20.0,3.0,5.0,5.0,4.0,0.0,0.0,6.0,4.0,5.0,0.0,166.0,0.0,11.0,339.0,350.0
212.0,HERMOSILLO NORESTE X    ,HERMOSILLO,341.0,EXTRAORDINARIA 1 CONTIGUA 9,160.0,164.0,7.0,1.0,7.0,4.0,5.0,4.0,6.0,3.0,2.0,0.0,0.0,174.0,0.0,6.0,363.0,369.0
245.0,OBREGON SURESTE XVI  ,CAJEME,882.0,CONTIGUA 1,84.0,139.0,12.0,3.0,7.0,3.0,15.0,5.0,8.0,0.0,3.0,0.0,0.0,148.0,0.0,10.0,279.0,289.0
153.0,HERMOSILLO NORESTE X    ,HERMOSILLO,347.0,BASICA,155.0,123.0,5.0,4.0,1.0,4.0,6.0,0.0,3.0,16.0,0.0,0.0,0.0,147.0,1.0,9.0,317.0,327.0
200.0,EMPALME XIV  ,EMPALME,1002.0,CONTIGUA 1,87.0,77.0,22.0,8.0,7.0,4.0,6.0,2.0,1.0,0.0,2.0,1.0,0.0,92.0,0.0,6.0,217.0,223.0
201.0,SAN LUIS RIO COLORADO I    ,SAN LUIS RIO COLORADO,707.0,CONTIGUA 1,106.0,75.0,4.0,4.0,3.0,3.0,9.0,3.0,1.0,1.0,3.0,0.0,0.0,86.0,0.0,11.0,212.0,223.0
211.0,EMPALME XIV  ,BACUM,767.0,BASICA,63.0,229.0,123.0,14.0,2.0,2.0,9.0,0.0,0.0,1.0,0.0,1.0,0.0,247.0,0.0,4.0,444.0,448.0
139.0,HUATABAMPO XXI  ,HUATABAMPO,1222.0,CONTIGUA 1,144.0,165.0,21.0,0.0,0.0,5.0,4.0,0.0,0.0,0.0,0.0,0.0,0.0,170.0,0.0,14.0,339.0,353.0
101.0,HERMOSILLO CENTRO IX   ,HERMOSILLO,443.0,BASICA,111.0,122.0,7.0,3.0,4.0,1.0,7.0,3.0,2.0,3.0,2.0,0.0,0.0,131.0,0.0,16.0,265.0,281.0
154.0,GUAYMAS XIII ,GUAYMAS,1066.0,BASICA,215.0,68.0,6.0,2.0,4.0,3.0,15.0,1.0,0.0,2.0,0.0,0.0,0.0,75.0,0.0,9.0,316.0,325.0
20.0,HERMOSILLO NOROESTE VIII ,HERMOSILLO,1334.0,BASICA,131.0,109.0,12.0,3.0,10.0,5.0,5.0,2.0,4.0,0.0,0.0,0.0,0.0,117.0,0.0,5.0,281.0,286.0
150.0,ETCHOJOA XX   ,ETCHOJOA,1168.0,BASICA,187.0,166.0,43.0,0.0,29.0,0.0,7.0,0.0,0.0,0.0,0.0,0.0,0.0,166.0,1.0,12.0,432.0,445.0
158.0,HERMOSILLO NOROESTE VIII ,HERMOSILLO,1345.0,BASICA,81.0,83.0,5.0,3.0,10.0,2.0,6.0,3.0,4.0,3.0,2.0,0.0,0.0,93.0,0.0,6.0,202.0,208.0
159.0,EMPALME XIV  ,BACUM,767.0,CONTIGUA 1,70.0,197.0,140.0,5.0,4.0,0.0,17.0,0.0,0.0,0.0,0.0,0.0,0.0,202.0,0.0,13.0,433.0,446.0
360.0,ETCHOJOA XX   ,ETCHOJOA,1163.0,BASICA,146.0,101.0,37.0,2.0,2.0,11.0,1.0,0.0,0.0,7.0,4.0,1.0,0.0,126.0,1.0,13.0,312.0,326.0
86.0,HERMOSILLO CENTRO IX   ,HERMOSILLO,467.0,BASICA,98.0,79.0,7.0,3.0,3.0,2.0,4.0,1.0,6.0,1.0,0.0,0.0,0.0,85.0,0.0,5.0,204.0,209.0
27.0,OBREGON SUR XV   ,CAJEME,901.0,CONTIGUA 5,65.0,157.0,5.0,0.0,2.0,3.0,12.0,3.0,3.0,2.0,6.0,0.0,0.0,168.0,2.0,7.0,258.0,267.0
364.0,ETCHOJOA XX   ,ETCHOJOA,1184.0,CONTIGUA 2,154.0,183.0,36.0,0.0,3.0,5.0,2.0,0.0,0.0,3.0,2.0,0.0,0.0,193.0,0.0,9.0,388.0,397.0
186.0,SAN LUIS RIO COLORADO I    ,SAN LUIS RIO COLORADO,727.0,BASICA,125.0,67.0,2.0,14.0,5.0,1.0,23.0,6.0,5.0,0.0,0.0,0.0,0.0,82.0,0.0,11.0,248.0,259.0
233.0,NAVOJOA NORTE XIX  ,NAVOJOA,1270.0,CONTIGUA 2,88.0,177.0,8.0,1.0,2.0,2.0,3.0,1.0,0.0,0.0,2.0,0.0,0.0,182.0,0.0,6.0,284.0,290.0
54.0,HERMOSILLO COSTA XI   ,HERMOSILLO,540.0,BASICA,168.0,184.0,12.0,5.0,3.0,2.0,10.0,6.0,7.0,2.0,2.0,0.0,0.0,195.0,0.0,6.0,401.0,407.0
313.0,CANANEA VI   ,MAGDALENA,129.0,BASICA,89.0,204.0,14.0,3.0,1.0,3.0,3.0,1.0,1.0,7.0,2.0,12.0,0.0,231.0,0.0,13.0,340.0,353.0
337.0,OBREGON NORTE XVIII,CAJEME,949.0,CONTIGUA 2,86.0,176.0,11.0,4.0,4.0,5.0,15.0,2.0,1.0,1.0,0.0,0.0,0.0,186.0,1.0,4.0,305.0,310.0
269.0,HERMOSILLO SUR XII  ,HERMOSILLO,487.0,BASICA,145.0,105.0,5.0,3.0,6.0,1.0,5.0,1.0,2.0,4.0,5.0,0.0,0.0,118.0,0.0,4.0,282.0,286.0
133.0,CANANEA VI   ,ARIZPE,45.0,BASICA,62.0,79.0,15.0,2.0,0.0,2.0,0.0,0.0,0.0,5.0,0.0,4.0,2.0,94.0,0.0,4.0,171.0,175.0
199.0,CABORCA III  ,CABORCA,314.0,CONTIGUA 1,148.0,179.0,6.0,3.0,8.0,10.0,28.0,3.0,6.0,0.0,0.0,0.0,0.0,192.0,0.0,1.0,391.0,392.0
330.0,CANANEA VI   ,OPODEPE,623.0,BASICA,26.0,58.0,0.0,0.0,0.0,0.0,0.0,1.0,4.0,1.0,4.0,3.0,0.0,66.0,0.0,11.0,97.0,108.0
115.0,HERMOSILLO NOROESTE VIII ,HERMOSILLO,337.0,BASICA,136.0,111.0,8.0,6.0,4.0,2.0,12.0,4.0,4.0,0.0,5.0,0.0,0.0,124.0,0.0,8.0,292.0,300.0
249.0,EMPALME XIV  ,GUAYMAS,1098.0,CONTIGUA 1,83.0,104.0,15.0,5.0,7.0,9.0,14.0,0.0,14.0,0.0,0.0,0.0,0.0,118.0,0.0,0.0,251.0,251.0
213.0,CABORCA III  ,CABORCA,316.0,BASICA,126.0,157.0,7.0,4.0,7.0,1.0,24.0,0.0,9.0,0.0,0.0,0.0,0.0,162.0,0.0,10.0,335.0,345.0
347.0,CABORCA III  ,CABORCA,303.0,CONTIGUA 1,94.0,117.0,2.0,3.0,2.0,2.0,12.0,2.0,1.0,0.0,0.0,0.0,0.0,122.0,0.0,4.0,235.0,239.0
272.0,OBREGON SUR XV   ,CAJEME,969.0,BASICA,81.0,121.0,8.0,2.0,3.0,3.0,12.0,3.0,2.0,1.0,1.0,0.0,0.0,128.0,1.0,3.0,237.0,241.0
175.0,HERMOSILLO CENTRO IX   ,HERMOSILLO,445.0,BASICA,180.0,132.0,7.0,2.0,5.0,5.0,6.0,3.0,2.0,6.0,6.0,0.0,0.0,151.0,1.0,11.0,354.0,366.0
244.0,EMPALME XIV  ,BACUM,766.0,BASICA,67.0,200.0,24.0,4.0,4.0,3.0,5.0,1.0,3.0,0.0,0.0,0.0,0.0,207.0,0.0,0.0,311.0,311.0
194.0,HERMOSILLO NOROESTE VIII ,HERMOSILLO,401.0,CONTIGUA 1,146.0,117.0,10.0,7.0,6.0,5.0,4.0,4.0,2.0,3.0,5.0,1.0,0.0,138.0,0.0,9.0,310.0,319.0
51.0,CANANEA VI   ,URES,748.0,CONTIGUA 1,213.0,138.0,22.0,0.0,0.0,23.0,8.0,3.0,3.0,16.0,5.0,3.0,0.0,185.0,0.0,20.0,434.0,454.0
165.0,OBREGON SURESTE XVI  ,CAJEME,849.0,BASICA,87.0,191.0,7.0,0.0,7.0,0.0,17.0,3.0,5.0,0.0,0.0,0.0,0.0,191.0,0.0,4.0,317.0,321.0
196.0,OBREGON SUR XV   ,CAJEME,915.0,BASICA,95.0,118.0,10.0,1.0,8.0,2.0,12.0,1.0,1.0,1.0,4.0,4.0,0.0,130.0,0.0,8.0,257.0,265.0
66.0,NOGALES SUR V    ,NOGALES,1379.0,BASICA,125.0,95.0,12.0,4.0,16.0,5.0,14.0,4.0,7.0,1.0,0.0,0.0,0.0,105.0,0.0,1.0,283.0,284.0
257.0,CANANEA VI   ,URES,749.0,CONTIGUA 1,194.0,68.0,33.0,2.0,4.0,28.0,3.0,0.0,4.0,4.0,0.0,2.0,0.0,104.0,0.0,8.0,342.0,350.0
217.0,OBREGON NORTE XVIII,SAHUARIPA,239.0,BASICA,26.0,70.0,0.0,1.0,0.0,2.0,0.0,0.0,0.0,1.0,1.0,1.0,0.0,76.0,0.0,0.0,102.0,102.0
106.0,OBREGON SUR XV   ,CAJEME,927.0,BASICA,71.0,79.0,8.0,0.0,5.0,2.0,7.0,2.0,0.0,0.0,0.0,1.0,0.0,82.0,1.0,5.0,175.0,181.0
177.0,HERMOSILLO SUR XII  ,HERMOSILLO,564.0,CONTIGUA 1,149.0,136.0,13.0,2.0,11.0,4.0,14.0,3.0,7.0,0.0,1.0,0.0,1.0,144.0,0.0,15.0,341.0,356.0
176.0,ETCHOJOA XX   ,BENITO JUAREZ,1149.0,BASICA,95.0,205.0,18.0,1.0,2.0,1.0,3.0,1.0,4.0,6.0,0.0,0.0,0.0,213.0,0.0,4.0,336.0,340.0
170.0,GUAYMAS XIII ,GUAYMAS,1036.0,CONTIGUA 1,124.0,95.0,5.0,0.0,7.0,0.0,8.0,1.0,0.0,2.0,4.0,0.0,0.0,101.0,0.0,11.0,246.0,257.0
265.0,HUATABAMPO XXI  ,HUATABAMPO,1219.0,BASICA,153.0,204.0,13.0,0.0,2.0,0.0,3.0,0.0,0.0,0.0,0.0,0.0,0.0,204.0,0.0,7.0,375.0,382.0
215.0,NOGALES SUR V    ,IMURIS,115.0,EXTRAORDINARIA 1,148.0,218.0,3.0,11.0,1.0,15.0,5.0,2.0,2.0,0.0,0.0,0.0,0.0,244.0,0.0,8.0,405.0,413.0
198.0,OBREGON SUR XV   ,CAJEME,979.0,CONTIGUA 1,68.0,136.0,4.0,1.0,1.0,1.0,8.0,2.0,2.0,0.0,0.0,0.0,0.0,138.0,1.0,2.0,223.0,226.0
12.0,OBREGON SURESTE XVI  ,CAJEME,871.0,BASICA,77.0,106.0,7.0,2.0,3.0,4.0,19.0,3.0,1.0,0.0,2.0,0.0,0.0,114.0,0.0,4.0,224.0,228.0
147.0,SAN LUIS RIO COLORADO I    ,SAN LUIS RIO COLORADO,658.0,BASICA,94.0,59.0,2.0,5.0,0.0,6.0,7.0,0.0,3.0,0.0,0.0,1.0,0.0,71.0,0.0,3.0,177.0,180.0
251.0,HERMOSILLO COSTA XI   ,HERMOSILLO,1500.0,BASICA,94.0,93.0,12.0,1.0,3.0,6.0,6.0,3.0,3.0,0.0,2.0,0.0,0.0,102.0,0.0,4.0,223.0,227.0
48.0,GUAYMAS XIII ,GUAYMAS,1059.0,CONTIGUA 1,161.0,101.0,6.0,4.0,19.0,5.0,21.0,4.0,3.0,2.0,0.0,0.0,0.0,112.0,0.0,3.0,326.0,329.0
309.0,AGUA PRIETA VII  ,AGUA PRIETA,30.0,BASICA,53.0,57.0,0.0,3.0,0.0,29.0,0.0,0.0,0.0,4.0,1.0,8.0,0.0,102.0,0.0,1.0,155.0,156.0
134.0,OBREGON CENTRO XVII ,CAJEME,776.0,BASICA,113.0,278.0,10.0,4.0,6.0,0.0,10.0,8.0,1.0,3.0,1.0,0.0,0.0,286.0,0.0,15.0,434.0,449.0
